阶段,材料项,是否必需,适用地区,出具方,时效/格式要求,状态,负责人,截止日期,备注
申请,成绩单与均分证明（中英文盖章）,必需,全部,本科院校教务,双语密封件，部分直寄,未开始,,,与档案 GPA 口径一致
申请,学位证/在读证明,必需,全部,本科院校,在读生出在读证明,未开始,,,
申请,PS / 动机信,必需,全部,本人,按项目字数；规划类强调课程匹配与方法论,未开始,,,对照「课程匹配度」逐条呼应
申请,CV / 简历,必需,全部,本人,突出项目、课程、实习,未开始,,,
申请,推荐信,必需,全部,导师/实习主管,2 封常见；来源多样更佳,未开始,,,提前提醒老师 deadline
申请,语言成绩,必需,全部,雅思/托福,注意小分与 2 年有效期,未开始,,,差 0.5 分也要尽早重考
申请,作品集 / 设计作品,设计类必需,英·意·荷·比,本人,城市设计/建筑类硬门槛（KU Leuven ICFU 亦要求）,未开始,,,无作品集则此类项目不可申
申请,研究计划书,研究型必需,日本/德国,本人,导师内诺制核心材料,未开始,,,
申请,课程描述（ECTS 换算）,欧陆必需,比/荷/德/意,本人+教务,评估先修学分的关键（VUB case by case 评估）,未开始,,,写得越细越有利
申请,学历公证 / 双认证,按国家,比/荷/德/意,公证处,Apostille 或双认证,未开始,,,
录取后,接受 offer 与押金,必需,全部,本人,注意押金退还条件,未开始,,,
录取后,签证前置文件（CAS/IPA/CoE/eVAL）,必需,英/新/马/澳,学校出具,D 签必备,未开始,,,
签证,学生签证申请表与照片,必需,全部,本人,按官方表格版本,未开始,,,
签证,资金证明,必需,全部,本人/父母/银行,按各国官方月标准×月数,未开始,,,不用中介惯例数字
签证,体检 / 无犯罪（按国籍要求）,按地区,比/澳/英等,指定机构,比利时部分国籍要求无犯罪证明,未开始,,,
入境后,市政厅登记 / 居留卡,必需,比利时/欧陆,当地市政厅,比利时入境 8 日内登记,未开始,,,
持续,成绩与出勤,必需,全部,学校,影响工签与永居,未开始,,,
持续,学生工合同与工时凭证,按需,比利时等,雇主,比利时学生合同有税收优惠,未开始,,,