学校,国家/地区,节点,官网时间,我的计划日期,状态,负责人动作,来源链接,备注
阿联酋大学（哈利法城）,阿联酋,申请窗口（约前一年 8–11 月）,1 月入学,,未开始,,https://www.uaeu.ac.ae/en/cgs/,
阿联酋大学（哈利法城）,阿联酋,申请窗口（约当年 1–5 月）— 具体截止日未在官网抓到，须回官网确认,8 月入学（秋季）,,未开始,,https://www.uaeu.ac.ae/en/cgs/,
阿联酋大学（哈利法城）,阿联酋,学历等同证明（UAE 教育部）+ 学生签证由学校办理,入学前,,未开始,,https://www.uaeu.ac.ae/en/cgs/,
阿联酋大学（哈利法城）,阿联酋,主轮申请（截止日待官网确认）,8 月入学（秋季）,,未开始,,https://www.uaeu.ac.ae/en/cgs/,
阿联酋大学（哈利法城）,阿联酋,次轮申请,1 月入学（春季）,,未开始,,https://www.uaeu.ac.ae/en/cgs/,
阿联酋大学（哈利法城）,阿联酋,学历等同证明 + 学生签证（学校办理）,入学前,,未开始,,https://www.uaeu.ac.ae/en/cgs/,
沙迦美国大学,阿联酋,主入学季（申请截止日以官网 deadlines 页为准）,8 月入学（秋季）,,未开始,,https://www.aus.edu/cen/department-of-civil-engineering,
沙迦美国大学,阿联酋,次入学季；第三方显示春季截止约 12 月下旬（**待官网核验**）,1 月入学（春季）,,未开始,,https://www.aus.edu/cen/department-of-civil-engineering,
沙迦美国大学,阿联酋,办理学历等同证明 + 学生签证,入学前 2–3 个月,,未开始,,https://www.aus.edu/cen/department-of-civil-engineering,
沙迦美国大学,阿联酋,主入学季,8 月入学（秋季）,,未开始,,https://www.aus.edu/caad/master-of-urban-planning,
沙迦美国大学,阿联酋,次入学季（截止日待官网）,1 月入学（春季）,,未开始,,https://www.aus.edu/caad/master-of-urban-planning,
沙迦美国大学,阿联酋,学历等同证明 + 学生签证,入学前,,未开始,,https://www.aus.edu/caad/master-of-urban-planning,
哈利法大学,阿联酋,主入学季（部分专业设 1 月春季）,8 月入学（秋季）,,未开始,,https://www.ku.ac.ae/academics/college-of-engineering/department-of-civil-infrastructure-and-environmental-engineering,
哈利法大学,阿联酋,面试 + 学历等同（境外学位）,入学前,,未开始,,https://www.ku.ac.ae/academics/college-of-engineering/department-of-civil-infrastructure-and-environmental-engineering,
哈利法大学,阿联酋,按学业表现评定学费奖学金（无需额外申请）,入学后,,未开始,,https://www.ku.ac.ae/academics/college-of-engineering/department-of-civil-infrastructure-and-environmental-engineering,
沙迦大学,阿联酋,主入学季；2026 秋季研究生申请曾延长至 7 月 1 日（2027 轮次未公布）,8 月入学（Fall）,,未开始,,https://www.sharjah.ac.ae/Academics/Degree/Graduate/Master-of-Civil-Engineering,
沙迦大学,阿联酋,次入学季（部分项目）,1 月入学（Spring）,,未开始,,https://www.sharjah.ac.ae/Academics/Degree/Graduate/Master-of-Civil-Engineering,
沙迦大学,阿联酋,学历认证 + 学生签证,入学前,,未开始,,https://www.sharjah.ac.ae/Academics/Degree/Graduate/Master-of-Civil-Engineering,
赫瑞-瓦特大学迪拜校区,阿联酋,主入学季（建议提前 3–6 个月申请）,9 月入学,,未开始,,https://www.hw.ac.uk/dubai/study/postgraduate,
赫瑞-瓦特大学迪拜校区,阿联酋,次入学季,1 月入学,,未开始,,https://www.hw.ac.uk/dubai/study/postgraduate,
赫瑞-瓦特大学迪拜校区,阿联酋,学生签证由校区协助办理,入学前,,未开始,,https://www.hw.ac.uk/dubai/study/postgraduate,
全体,通用,材料定稿,主轮截止前 3 周,,未开始,对照材料清单勾选,,
全体,通用,语言达标（含小分）,递签前 4–6 个月,,未开始,差 0.5 分也要重考,,
全体,通用,资金证明准备,递签前 1–2 个月,,未开始,官方月标准口径,,